rakhine,myanmar
"ငါ စားပြီးဗျာယ်","ငါ စားပြီးပြီ"
"နင် ဇာမှာလဲ","သင် ဘယ်မှာလဲ"
"ယင်းသူ ရောက်လာဗျာယ်","သူ ရောက်လာပြီ"
"ငါ မသိ","ငါ မသိဘူး"
"နင် ဇာလုပ်နိန်လဲ","သင် ဘာလုပ်နေသလဲ"
"မိုးရွာနိန်ရေ","မိုးရွာနေတယ်"
"ယင်းသူ ကျောင်းလားရေ","သူ ကျောင်းသွားတယ်"
"ငါ အိပ်ဖို့ဗျာယ်","ငါ အိပ်တော့မယ်"
"နင် လာဖို့လား","သင် လာမလား"
"ယင်းချင့် ကောင်းရေ","အဲဒါ ကောင်းတယ်"
"ငါ မစားသိမ့်","ငါ မစားသေးဘူး"
"ယင်းသူ စကားပြောရေ","သူ စကားပြောတယ်"
"နင် ဇာလောက် လားဖို့လဲ","သင် ဘယ်လောက် သွားမလဲ"
"ငါ အိမ်မှာ ဟိရေ","ငါ အိမ်မှာ ရှိတယ်"
"ယင်းသူ လားခဗျာယ်","သူ သွားပြီ"
"နင် ညောင်းနိန်လား","သင် မောနေသလား"
"ငါ ရောက်လာဖို့","ငါ ရောက်လာမယ်"
"ယင်းသူ မလာ","သူ မလာဘူး"
"နင် စားပြီးဗျာယ်လာ","သင် စားပြီးပြီလား"
"အချိန် ရောက်ဗျာယ်","အချိန် ရောက်ပြီ"
"ငါ လားဖို့","ငါ သွားမယ်"
"နင် ဇာသူလဲ","သင် ဘယ်သူလဲ"
"ယင်းသူ ဇာမှာလဲ","သူ ဘယ်မှာလဲ"
"ငါ နက်ဖြန် လားဖို့","ငါ မနက်ဖြန် သွားမယ်"
"နင် လာခပါ","သင် လာခဲ့ပါ"
"ယင်းသူ မသိ","သူ မသိဘူး"
"ငါ ပျော်ရေ","ငါ ပျော်တယ်"
"မင်း စောင့်နိန်ပါ","သင် စောင့်ပါ"
"ယင်းသူ အိပ်နိန်ရေ","သူ အိပ်နေတယ်"
"ငါ အလုပ် လုပ်နိန်ရေ","ငါ အလုပ် လုပ်နေတယ်"
"မင်း ဇာလိုချင်လဲ","သင် ဘာလိုချင်သလဲ"
"ယင်းသူ စာဖတ်နိန်ရေ","သူ စာဖတ်နေတယ်"
"ငါ နိန်ကောင်းရေ","ငါ နေကောင်းတယ်"
"နင် အဆင်ပြေလာ","သင် အဆင်ပြေလား"
"ယင်းသူ ပြန်လာဖို့","သူ ပြန်လာမယ်"
"ငါ မလား","ငါ မသွားဘူး"
"မင်း နားလည်လာ","သင် နားလည်လား"
"ယင်းသူ ကူညီရေ","သူ ကူညီတယ်"
"ငါ ကြိုးစားဖို့","ငါ ကြိုးစားမယ်"
"မင်း ပြောပါ","သင် ပြောပါ"
"ယင်းသူ လာနိန်ရေ","သူ လာနေတယ်"
"ငါ ချစ်တေ","ငါ ချစ်တယ်"
"နင် မျှော်လင့်လား","သင် မျှော်လင့်လား"
"ယင်းသူ စိတ်ကောင်းရေ","သူ စိတ်ကောင်းတယ်"
"ငါ ညောင်းနိန်ရေ","ငါ မောနေတယ်"
"နင် အိမ်ပြန်ဖို့လား","သင် အိမ်ပြန်မလား"
"ယင်းသူ အလုပ်ရှုပ်နိန်ရေ","သူ အလုပ်ရှုပ်နေတယ်"
"သာလီစွပါ", "မင်္ဂလာပါ"
"နိန်ကောင်းလား", "နေကောင်းလား"
"အကျွန် နိန်ကောင်းပါရေ","ကျွန်တော် နေကောင်းပါတယ်"
"ကျေးဇူးတင်ပါရေ","ကျေးဇူးတင်ပါတယ်"
"ရပါရေ","ရပါတယ်"
"ဇာလားဖို့လဲ","ဘယ်သွားမလို့လဲ"
"အကျွန် အိမ်ပြန်ဖို့လို့ပါ","ကျွန်တော် အိမ်ပြန်မလို့ပါ"
"မိုးသောက်စာ စားပြီးဗျာယ်လာ","မနက်စာ စားပြီးပြီလား"
"မိုးရွာနိန်ရေ","မိုးရွာနေတယ်"
"အေနိ ရာသီဥတု ကောင်းရေ","ဒီနေ့ ရာသီဥတု ကောင်းတယ်"
"ဇာအချိန် ရောက်ဖို့လဲ","ဘယ်အချိန် ရောက်မလဲ"
"တနားစောင့်ပါ","ခဏစောင့်ပါ"
"အကျွန် မသိ","ကျွန်တော် မသိဘူး"
"ယင်းသူ ရောက်ခဗျာယ်","သူ ရောက်ခဲ့ပြီ"
"အကျွန် အလုပ်လားဖို့ ပြင်နိန်ရေ","ကျွန်တော် အလုပ်သွားဖို့ ပြင်နေတယ်။"
"မင်း ဇာလုပ်ဖို့ ပြင်နိန်လဲ","သင် ဘာလုပ်ဖို့ ပြင်နေသလဲ"
"အကျွန် စာဖတ်ဖို့ ပြင်နိန်ရေ","ကျွန်တော် စာဖတ်ဖို့ ပြင်နေတယ်"
"ယင်းသူ ကျောင်းဖက်ကို လားခရေ","သူ ကျောင်းဖက်ကို သွားတယ်"
"ယင်းချင့် ဇာလဲ","အဲဒါ ဘာလဲ"
"အေဟင့် ဘလောက်ကျလဲ","ဒီဟာ ဘယ်လောက်ကျလဲ"
"အကျွန် ဝယ်ချင်ရေ","ကျွန်တော် ဝယ်ချင်တယ်"
"အကူအညီ လိုအပ်ပါရေ","အကူအညီ လိုအပ်ပါတယ်"
"အကျွန် နားမလည် ဖြစ်နိန်ရေ","ကျွန်တော် နားမလည် ဖြစ်နေတယ်"
"ထပ်ပြောပီးပါ","ထပ်ပြောပေးပါ"
"ကျေးဇူးပြုလို့ ဖြည်းဖြည်းချေ ပြောပါ","ကျေးဇူးပြု၍ ဖြည်းဖြည်းပြောပါ"
"မင်း ဇာမှာ နိန်စွာလဲ","သင် ဘယ်မှာ နေတာလဲ"
"အကျွန် ရန်ကုန်မှာ နိန်ရေ","ကျွန်တော် ရန်ကုန်မှာ နေတယ်"
"ယင်းသူက အကျွန့် သူငယ်ချင်းပါ","သူက ကျွန်တော့် သူငယ်ချင်းပါ။"
"အဂု ဇာနှစ်နာရီ ဟိဗျာယ်လဲ","အခု ဘယ်နှစ်နာရီ ရှိပြီလဲ"
"အချိန် ရောက်လာဗျာယ်","အချိန် ရောက်လာပြီ"
"အကျွန် ကကောင်း ပင်ပန်းနိန်ရေ","ကျွန်တော် အတော်လေး ပင်ပန်းနေတယ်။"
"တနား အနားယူကတ်မေ","ခဏ အနားယူကြမယ်"
"မင်း ထမင်း စားပြီးဗျာလ်လာ","သင် ထမင်း စားပြီးပြီလား"
"အကျွန် မစားရသိမ့်","ကျွန်တော် မစားရသေးဘူး"
"ရီ သောက်ဖို့လား","ရေ သောက်မလား"
"အကျွန် ရီသောက်ချင်ရေ","ကျွန်တော် ရေသောက်ချင်တယ်"
"ဒေလမ်းက မှန်လား","ဒီလမ်းက မှန်လား"
"အကျွန် လမ်းပျောက်နိန်ရေ","ကျွန်တော် လမ်းပျောက်နေတယ်"
"ဆီးရုံ ဇာမှာ ဟိလဲ","ဆေးရုံ ဘယ်မှာရှိလဲ"
"အကျွန် အိမ်ပြန်ရဖို့ဗျာလ်","ကျွန်တော် အိမ်ပြန်ရတော့မယ်"
"နက်ဖြန် တွိကတ်မယ်","မနက်ဖြန် တွေ့မယ်နော်"
"ကောင်းရေ ညပါ","ကောင်းသော ညပါ"
"အိပ်ရေးဝဝ အိပ်ပါ","အိပ်ရေးဝဝ အိပ်ပါ"
"အေနိ အလုပ်များရေ","ဒီနေ့ အလုပ်များတယ်"
"ယင်းသူ အလုပ်တိ ရှုပ်နိန်ရေ","သူ အလုပ်တွေ ရှုပ်နေတယ်"
"အကျွန် ကကောင်း ပျော်ရေ","ကျွန်တော် တော်တော် ပျော်တယ်"
"ယင်းသူ စိတ်မကောင်း ဖြစ်နိန်ရေ","သူ စိတ်မကောင်းဖြစ်နေတယ်"
"မင်း ကူညီနိုင်ဖို့လား","သင် ကူညီနိုင်မလား"
"အကျွန် ကြိုးစားဖို့","ကျွန်တော် ကြိုးစားမယ်"
"အားလုံး အဆင်ပြေလားဖို့","အားလုံး အဆင်ပြေသွားမယ်"
"အကျွန် အိပ်ရာက ထလာဗျာယ်","ကျွန်တော် အိပ်ရာက ထလာပြီ"
"မိုးသောက်စာ ဇာစားဖို့လဲ","မနက်စာ ဘာစားမလဲ"
"လမ်းက ကကောင်း ရှုပ်နိန်ရေ","လမ်းက အရမ်းရှုပ်နေတယ်"
"အကျွန် နောက်ကျလားရေ","ကျွန်တော် နောက်ကျသွားတယ်"
"အေနိ စျီးလားဖို့","ဒီနေ့ စျေးသွားမယ်"
"မင်း ဇာအချိန် ထွက်ဖို့လဲ","သင် ဘယ်အချိန်ထွက်မလဲ"
"အကျွန် ကားစီးဖို့","ကျွန်တော် ကားစီးမယ်"
"ယင်းသူ ဖုန်းခေါ်နိန်ရေ","သူ ဖုန်းခေါ်နေတယ်"
"ဖုန်း အားကုန်လားဗျာယ်","ဖုန်းအားကုန်သွားပြီ"
"အကျွန် လမ်းလျှောက်လားဖို့","ကျွန်တော် လမ်းလျှောက်သွားမယ်"
"မိုးရွာစွာ တိတ်လားဗျာယ်","မိုးရွာတာ တိတ်သွားပြီ"
"အပူချိန် ကကောင်း မြင့်ရေ","အပူချိန် အရမ်း မြင့်တယ်"
"အကျွန် ရီချိုးလားဖို့","ကျွန်တော် ရေချိုးသွားမယ်"
"မင်း ဇာသောက်ဖို့လဲ","သင် ဘာသောက်မလဲ"
"အကျွန် လက်ဖက်ရည် သောက်ဖို့","ကျွန်တော် လက်ဖက်ရည် သောက်မယ်"
"ယင်းသူ အပြင်ကို လားနိန်ရေ","သူ အပြင်ကို သွားနေတယ်"
"အကျွန် အလုပ်တိ ပြီးလားဗျာယ်","ကျွန်တော် အလုပ်တွေ ပြီးသွားပြီ"
"ဒေစာအုပ် ကောင်းရေ","ဒီစာအုပ် ကောင်းတယ်"
"အကျွန် စာအုပ်သစ်တစ်အုပ် ဖတ်နိန်ရေ","ကျွန်တော် စာအုပ်သစ်တစ်အုပ် ဖတ်နေတယ်။"
"မင်း ဇာလိုချင်သိမ့်လေ","သင် ဘာလိုချင်သေးလဲ"
"အကျွန် အစားအသောက် မှာချင်လို့","ကျွန်တော် အစားအသောက် မှာမလို့။"
"ယင်းသူ အိမ်ပြန်လာရေ","သူ အိမ်ပြန်လာတယ်"
"အကျွန် နိခင်းစာ စားဖို့","ကျွန်တော် နေ့လည်စာ စားမယ်"
"ဒေနိန်ရာ သန့်ရှင်းရေ","ဒီနေရာ သန့်ရှင်းတယ်"
"အကျွန် အနားယူချင်ရေ","ကျွန်တော် အနားယူချင်တယ်"
"မင်း အလုပ် လုပ်နိန်သိမ့်လာ","သင် အလုပ် လုပ်နေသေးလား"
"အကျွန် အလုပ်စလုပ်မေ","ကျွန်တော် အလုပ်စလုပ်မယ်"
"ယင်းသူ ရောက်ဖို့ဗျာယ်","သူ ရောက်လာတော့မယ်"
"အကျွန် စောင့်နိန်ရေ","ကျွန်တော် စောင့်နေတယ်"
"ဒေနိ ကကောင်း ပူရေ","ဒီနေ့ အရမ်းပူတယ်"
"အကျွန် အီးအီးဆေးဆေး နိန်ချင်ရေ","ကျွန်တော် အေးအေးဆေးဆေး နေချင်တယ်"
"ယင်းသူ လားပနာ ပြန်လာဖို့","သူ သွားပြီးပြန်လာမယ်"
"အကျွန် နက်ဖြန် အားဖို့","ကျွန်တော် မနက်ဖြန် အားလပ်တယ်"
"ဒေကိစ္စ မခက်ပါ","ဒီကိစ္စ မခက်ပါဘူး"
"အကျွန် ကားမောင်းဖို့","ကျွန်တော် ကားမောင်းမယ်"
"ယင်းသူ အကူအညီပီးရေ","သူ အကူအညီပေးတယ်"
"အကျွန် စိတ်ပူနိန်ရေ","ကျွန်တော် စိတ်ပူနေတယ်"
"မင်း အသူနန့် လာလဲ","သင် ဘယ်သူနဲ့ လာလဲ"
"အကျွန် သူငယ်ချင်းနန့် လာရေ","ကျွန်တော် သူငယ်ချင်းနဲ့ လာတယ်"
"ဒေအစားအစာ အရသာ ကောင်းရေ","ဒီအစားအစာ အရသာ ကောင်းတယ်"
"အကျွန် စျီးလားမေ","ကျွန်တော် ဈေးသွားမယ်"
"ယင်းသူ စကား မပြော","သူ စကား မပြောဘူး"
"အကျွန် နားထောင်နိန်ရေ","ကျွန်တော် နားထောင်နေတယ်"
"မင်း ဇာကြည့်နိန်လဲ","သင် ဘာကြည့်နေသလဲ"
"အကျွန် ရုပ်ရှင် ကြည့်ဖို့","ကျွန်တော် ရုပ်ရှင် ကြည့်မယ်"
"ယင်းသူ ပြုံးနိန်ရေ","သူ ပြုံးနေတယ်"
"အကျွန် အိမ် သန့်ရှင်းရေး လုပ်မေ","ကျွန်တော် အိမ် သန့်ရှင်းရေး လုပ်မယ်"
"ဒေအလုပ် လွယ်ရေ","ဒီအလုပ် လွယ်တယ်"
"အကျွန် မျှော်လင့်နိန်ရေ","ကျွန်တော် မျှော်လင့်နေတယ်"
"လူ အားလုံး အဆင်ပြေလားကတ်ဖို့","လူ အားလုံး အဆင်ပြေသွားကြမယ်"
"ဇာရောက်ရောက် မမိ","ဘယ်ရောက်ရောက် မမေ့"
"ဇာလုပ်လုပ် မမိနိုင်","ဘာပဲလုပ်လုပ် မမေ့နိုင်ဘူး"
"အဖ","အဖေ"
"အမိ","အမေ"
"အဖိုးရှင်","အဘိုး"
"အဘောင်ရှင်","အဘွား"
"အကို","အစ်ကို"
"အေးမ","အစ်မ"
"ညီချေ","ညီ"
"နှမ","ညီမ"
"အခင်ချေ","ဦးလေး"
"အရီး","အဒေါ်"
"အခင်","ဦးဦး"
"အရီး","ဒေါ်ဒေါ်"
"ဆရာ","ဆရာ"
"ဦး","ဦး"
"ဒေါ်","ဒေါ်"
"ဆရာမ","ဆရာမ"
"ဆရာ","ဆရာ"
"ကျောင်းသား","ကျောင်းသား"
"ကျောင်းသူ","ကျောင်းသူ"
"သူငယ်ချင်း","သူငယ်ချင်း"
"အိမ်နီးပါးချင်း","အိမ်နီးချင်း"
"ဆရာဝန်","ဆရာဝန်"
"သူနာပြု","သူနာပြု"
"ရဲ","ရဲ"
"စစ်သား","စစ်သား"
"လယ်သမား","လယ်သမား"
"ငါဖမ်းသမား","ငါးဖမ်းသမား"
"စျီးသည်","စျေးသည်"
"စျီး","စျေး"
"ဒရိုင်ဘာ","ယာဉ်မောင်း"
"အလုပ်သမား","အလုပ်သမား"
"အလုပ်သမ","အလုပ်သမ"
"ဝန်ထမ်း","ဝန်ထမ်း"
"ဆိုင်သည်","ဆိုင်သည်"
"မန်နိိန်ဂျာ","မန်နေဂျာ"
"ခရီးသည်","ခရီးသည်"
"အာဂန္တု","ဧည့်သည်"
"အချေ","ကလေး"
"လူကြီး","လူကြီး"
"လူငယ်","လူငယ်"
"အမျိုးသား","အမျိုးသား"
"အမျိုးသမီး","အမျိုးသမီး"
"မိတ်ဆွေ","မိတ်ဆွေ"
"ဂေါင်းဆောင်","ခေါင်းဆောင်"
"ဘုန်းကြီး","ဘုန်းကြီး"
"ရဟန်း","ရဟန်း"
"သံဃာ","သံဃာ"
"ဆရာတော်","ဆရာတော်"
"ငါ","ငါ"
"အကျွန်","ကျွန်တော်"
"အကျွန်","ကျွန်မ"
"နင်","နင်"
"မင်း","သင်"
"မင်း","မင်း"
"ယင်းသူ","သူ"
"ယင်းကလိမ့်မေ","သူမ"
"သူရို့","သူတို့"
"ရို့","တို့"
"အကျွန်ရို့","ကျွန်တော်တို့"
"အကျွန်ရို့","ကျွန်မတို့"
"ငါ","ငါ"
"ငါရို့","ငါတို့"
"မင်းရို့","သင်တို့"
"မိမိ","မိမိ"
"ကိုယ်တိုင်","ကိုယ်တိုင်"
"အေသူ","ဤသူ"
"ယင်းသူ","ထိုသူ"
"ကောင်းရေ","ကောင်းသော"
"လှရေ","လှသော"
"ချမ်းသာရေ","ချမ်းသာသော"
"ဆင်းရဲရေ","ဆင်းရဲသော"
"ရေ","သော"
"တော်ရေ","တော်သော"
"ညံ့ရေ","ညံ့သော"
"ထက်မြက်ရေ","ထက်မြက်သော"
"ရိုးသားရေ","ရိုးသားသော"
"ကြိုးစားရေ","ကြိုးစားသော"
"ပျင်းရေ","ပျင်းသော"
"ဖော်ရွီရေ","ဖော်ရွေသော"
"သဘောကောင်းရေ","သဘောကောင်းသော"
"ကြင်နာရေ","ကြင်နာသော"
"ယဉ်ကျေးရေ","ယဉ်ကျေးသော"
"စိတ်ရှည်ရေ","စိတ်ရှည်သော"
"စိတ်တိုရေ","စိတ်တိုသော"
"ရဲရင့်ရေ","ရဲရင့်သော"
"သတ္တိဟိရေ","သတ္တိရှိသော"
"ဟိ","ရှိ"
"ကျန်းမာရေ","ကျန်းမာသော"
"ဖျားနာရေ","ဖျားနာသော"
"ပျော်ရွှင်ရေ","ပျော်ရွှင်သော"
"ဝမ်းနည်းရေ","ဝမ်းနည်းသော"
"တိတ်ဆိတ်ရေ","တိတ်ဆိတ်သော"
"စကားများရေ","စကားများသော"
"သန့်ရှင်းရေ","သန့်ရှင်းသော"
"စုတ်ပဲရေ","ညစ်ပတ်သော"
"ငယ်ရေ","ငယ်သော"
"ကြီးရေ","ကြီးသော"
"အသက်ကြီးရေ","အသက်ကြီးသော"
"အသက်ငယ်ရေ","အသက်ငယ်သော"
"လျင်မြန်ရေ","လျင်မြန်သော"
"နှေးရေ","နှေးသော"
"ခိုင်မာရေ","ခိုင်မာသော"
"အားနည်းရေ","အားနည်းသော"
"ချင်ခင်ရေ","ချစ်ခင်သော"
"ရင်းနှီးရေ","ရင်းနှီးသော"
"ထူးချွန်ရေ","ထူးချွန်သော"
"ကျော်ကြားရေ","ကျော်ကြားသော"
"ရိုးရှင်းရေ","ရိုးရှင်းသော"
"အရေးကြီးရေ","အရေးကြီးသော"
"စိတ်ဝင်စားရေ","စိတ်ဝင်စားသော"
"အံ့သြရေ","အံ့ဩသော"
"သတိထားရေ","သတိထားသော"
"သိထားရေ","သိထားသော"
"ယုံကြည်ရေ","ယုံကြည်သော"
"ကူညီတတ်ရေ","ကူညီတတ်သော"
"တာဝန်ယူရေ","တာဝန်ယူသော"
"တာဝန်ယူတတ်ရေ","တာဝန်ယူတတ်သော"
"ဆရာကြီး","ဆရာကြီး"
"ဆရာမကြီး","ဆရာမကြီး"
"ကျောင်းအုပ်","ကျောင်းအုပ်"
"ကျောင်းအုပ်ဆရာမ","ကျောင်းအုပ်ဆရာမ"
"ကျူရှန်ဆရာ","ကျူရှင်ဆရာ"
"ကျူရှန်ဆရာမ","ကျူရှင်ဆရာမ"
"ကျူရှန်","ကျူရှင်"
"သုတေသီ","သုတေသီ"
"စာရီးဆရာ","စာရေးဆရာ"
"ကဗျာဆရာ","ကဗျာဆရာ"
"သတင်းထောက်","သတင်းထောက်"
"အက်ဒီတာ","အယ်ဒီတာ"
"ရှေ့နေ","ရှေ့နေ"
"တရားသူကြီး","တရားသူကြီး"
"အိန်ဂျိန်နီယာ","အင်ဂျင်နီယာ"
"ဗိသုကာ","ဗိသုကာ"
"ပန်းချီဆရာ","ပန်းချီဆရာ"
"ဂီတပညာရှင်","ဂီတပညာရှင်"
"ပန်းချီ","ပန်းချီ"
"ဂီတ","ဂီတ"
"တေးသံ","တေးသံ"
"တေးခြင်း","သီချင်း"
"အဆိုတော်","အဆိုတော်"
"အဆိုတော်မ","အဆိုတော်မ"
"သရုပ်ဆောင်","သရုပ်ဆောင်"
"အားကစားသမား","အားကစားသမား"
"အလှမယ်","အလှမယ်"
"ကာယဗလမောင်","ကာယဗလမောင်"
"ကာယဗလမယ်","ကာယဗလမယ်"
"ဘောလုံးသမား","ဘောလုံးသမား"
"ရီကူးသမား","ရေကူးသမား"
"စီးပွားရေးသမား","စီးပွားရေးသမား"
"ကုန်သည်","ကုန်သည်"
"ပိုင်ရှင်","ပိုင်ရှင်"
"ဖောက်သည်","ဖောက်သည်"
"ဝယ်ရေ လူ","ဝယ်သူ"
"ရောင်းရေ လူ","ရောင်းသူ"
"အလုပ်ရှင်","အလုပ်ရှင်"
"အလုပ်သမား","အလုပ်သမား"
"အဖွဲ့ဝင်","အဖွဲ့ဝင်"
"ဥက္ကဌ","ဥက္ကဋ္ဌ"
"အတွင်းရေးမှူး","အတွင်းရေးမှူး"
"ကိုယ်စားလှယ်","ကိုယ်စားလှယ်"
"နိုင်ငံသား","နိုင်ငံသား"
"နိုင်ငံခြားသား","နိုင်ငံခြားသား"
"ကျွန်းသား","တောသား"
"ရွာသား","ရွာသား"
"မြို့သား","မြို့သား"
"မြို့","မြို့"
"ရွာ","ရွာ"
"လူမျိုး","လူမျိုး"
"မိသားစု","မိသားစု"
"ဆွေမျိုး","ဆွေမျိုး"
"မောင်နှမ","မောင်နှမ"
"မြီး","မြေး"
"မြီးမ","မြေးမ"
"ယောက္ခမ","ယောက္ခမ"
"ယောက္ခထီး","ယောက္ခထီး"
"ချွေးမ","ချွေးမ"
"သားမက်","သားမက်"
"မယား","ဇနီး"
"လင်","ခင်ပွန်း"
"သတို့သား","သတို့သား"
"သတို့သမီး","သတို့သမီး"
"မွီးဇတ်သား","မွေးစားသား"
"မွီးဇတ်သမီး","မွေးစားသမီး"
"မွီး","မွေး"
"လူနာ","လူနာ"
"စေတနာ","စေတနာ"
"စေတနာ့ဝန်ထမ်း","စေတနာ့ဝန်ထမ်း"
"ခရီး","ခရီး"
"လား","သွား"
"ခရီးလား","ခရီးသွား"
"ဧည့်လမ်းညွှန်","ဧည့်လမ်းညွှန်"
"စာပို့သမား","စာပို့သမား"
"မီးသတ်သမား","မီးသတ်သမား"
"လုံခြုံရေးသမား","လုံခြုံရေးသမား"
"အုပ်ချုပ်ရေးမှူး","အုပ်ချုပ်ရေးမှူး"
"အကဲဖြတ်ရေ လူ","အကဲဖြတ်သူ"
"စာမေးပွဲဖြေရေ လူ","စာမေးပွဲဖြေသူ"
"အောင်မြင်ရေ လူ","အောင်မြင်သူ"
"ရှူံးနိမ့်ရေ လူ","ရှုံးနိမ့်သူ"
"ဉာဏ်ကောင်းရေ လူ","ဉာဏ်ကောင်းသူ"
"ပညာတတ်","ပညာတတ်သူ"
"ပညာတတ်တိ","ပညာတတ်သူတွေ"
"တိ","တွေ"
"အတွိအကြုံဟိရေ လူ","အတွေ့အကြုံရှိသူ"
"အတွိအကြုံ","အတွေ့အကြုံ"
"လူချစ်လူခင်ပေါရေ လူ","လူချစ်လူခင်ပေါများသူ"
"ထင်ရှားရေ လူ","ထင်ရှားသူ"
"ကျော်ကြးရေ လူ","ကျော်ကြားသူ"
"ရိုးရာ","ရိုးရာ"
"ခေတ်မီ","ခေတ်မီ"
"ထူးခြားရေ","ထူးခြားသော"
"သာမန်","သာမန်"
"အီးချမ်းရေ","အေးချမ်းသော"
"အီး","အေး"
"ပူ","ပူ"
"ကြမ်းတမ်းရေ","ကြမ်းတမ်းသော"
"ရေ","သော"
"ရေ","သည့်"
"က","က"
"မြောက်","မြောက်"
"သစ္စာဟိရေ","သစ္စာရှိသော"
"ရက်ရောရေ","ရက်ရောသော"
"ချွေတာရေ","ချွေတာသော"
"တက်ကြွရေ","တက်ကြွသော"
"တည်ငြိမ်ရေ","တည်ငြိမ်သော"
"သတိဟိရေ","သတိရှိသော"
"ဟိရေ","ရှိသော"
"မိလျော့ရေ","မေ့လျော့သော"
"မိလားရေ","မေ့သွားတယ်"
"ဝိရိယဟိရေ","ဝိရိယရှိသော"
"စည်းကမ်းဟိရေ","စည်းကမ်းရှိသော"
"လိမ္မာရေ","လိမ္မာသော"
"ဆိုးရေ","ဆိုးသော"
"တောက်ပရေ","တောက်ပသော"
"မှောင်ရေ","မှောင်သော"
"လေးနက်ရေ","လေးနက်သော"
"ပေါ့ပါးရေ","ပေါ့ပါးသော"
"ချိုသာရေ","ချိုသာသော"
"ခါးရေ","ခါးသော"
"ချဉ်ရေ","ချဉ်သော"
"ငံရေ","ငံသော"
"စပ်ရေ","စပ်သော"
"မွှီးရေ","မွှေးသော"
"မွှီး","မွှေး"
"နူးညံ့ရေ","နူးညံ့သော"
"မာကျောရေ","မာကျောသော"
"ပူရေ","ပူသော"
"အီးရေ","အေးသော"
"စိုရေ","စိုသော"
"ခြောက်ရေ","ခြောက်သော"
"ငယ်ရေ","သေးသော"
"ကျယ်ရေ","ကျယ်သော"
"ကျဉ်းရေ","ကျဉ်းသော"
"မြင့်ရေ","မြင့်သော"
"နိမ့်ရေ","နိမ့်သော"
"ရှည်ရေ","ရှည်သော"
"တိုရေ","တိုသော"
"ဝရေ","ဝသော"
"ပိန်ရေ","ပိန်သော"
"လှပရေ","လှပသော"
"ချောမောရေ","ချောမောသော"
"ခန့်ညားရေ","ခန့်ညားသော"
"သပ်ရပ်ရေ","သပ်ရပ်သော"
"သနားတတ်ရေ","သနားတတ်သော"
"မေတ္တာဟိရေ","မေတ္တာရှိသော"
"စေတနာဟိရေ","စေတနာရှိသော"
"ခွင့်လွှတ်တတ်ရေ","ခွင့်လွှတ်တတ်သော"
"အကောင်းမြင်ရေ","အကောင်းမြင်သော"
"အဆိုးမြင်ရေ","အဆိုးမြင်သော"
"စိတ်ဝင်စားဖွယ်","စိတ်ဝင်စားဖွယ်သော"
"ပျင်းစရာကောင်းရေ","ပျင်းစရာကောင်းသော"
"အန္တရာယ်ဟိရေ","အန္တရာယ်ရှိသော"
"လုံခြုံရေ","လုံခြုံသော"
"အကျိုးဟိရေ","အကျိုးရှိသော"
"အသုံးဝင်ရေ","အသုံးဝင်သော"
"လိုအပ်ရေ","လိုအပ်သော"
"မလိုအပ်ရေ","မလိုအပ်သော"
"မှန်ကန်ရေ","မှန်ကန်သော"
"မှားယွင်းရေ","မှားယွင်းသော"
"ရှင်းလင်းရေ","ရှင်းလင်းသော"
"ရှုပ်ထွီးရေ","ရှုပ်ထွေးသော"
"ထိရောက်ရေ","ထိရောက်သော"
"အောင်မြင်ရေ","အောင်မြင်သော"
"ကျရှုံးရေ","ကျရှုံးသော"
"ကြွယ်ဝရေ","ကြွယ်ဝသော"
"ဆင်းရဲရေ","ဆင်းရဲသော"
"အရေးပါရေ","အရေးပါသော"
"ထင်ရှားရေ","ထင်ရှားသော"
"ထူးချွန်ရေ","ထူးချွန်သော"
"အံ့ဖွယ်","အံ့ဖွယ်သော"
"မိတ်ဖက်","မိတ်ဖက်"
"ပြိုင်ဖက်","ပြိုင်ဘက်"
"အကျွမ်းတဝင်ဟိရေ လူ","အကျွမ်းတဝင်ရှိသူ"
"လူစိမ်း","သူစိမ်း"
"အိမ်ရှင်","အိမ်ရှင်"
"အာဂန္တု","ဧည့်သည်တော်"
"စီမံခန့်ခွဲရေ လူ","စီမံခန့်ခွဲသူ"
"ပူးပေါင်းဆောင်ရွက်ရေ လူ","ပူးပေါင်းဆောင်ရွက်သူ"
"လေ့လာရေ လူ","လေ့လာသူ"
"သင်ယူရေ လူ","သင်ယူသူ"
"သင်ကြားရေ လူ","သင်ကြားသူ"
"လမ်းညွှန်ရေ လူ","လမ်းညွှန်သူ"
"ကြီးကြပ်ရေ လူ","ကြီးကြပ်သူ"
"အကူအညီပီးရေ လူ","အကူအညီပေးသူ"
"ထောက်ခံရေ လူ","ထောက်ခံသူ"
"ဝေဖန်ရေ လူ","ဝေဖန်သူ"
"ဆုံးဖြတ်ရေ လူ","ဆုံးဖြတ်သူ"
"စောင့်ကြည့်ရေ လူ","စောင့်ကြည့်သူ"
"တီထွင်ရေ လူ","တီထွင်သူ"
"ဖန်တီးရေ လူ","ဖန်တီးသူ"
"တည်ထောင်ရေ လူ","တည်ထောင်သူ"
"ဦးဆောင်ရေ လူ","ဦးဆောင်သူ"
"နောက်လိုက်ရေ လူ","နောက်လိုက်သူ"
"အောင်နိုင်ရေ လူ","အောင်နိုင်သူ"
"စိန်ခေါ်ရေ လူ","စိန်ခေါ်သူ"
"အကြံပီး","အကြံပေးသူ"
"အုပ်ထိန်းသူ","အုပ်ထိန်းသူ"
"ကာကွယ်ရေ လူ","ကာကွယ်သူ"
"ကယ်ဆယ်ရေ လူ","ကယ်ဆယ်သူ"
"ဆက်သွယ်ရေ လူ","ဆက်သွယ်သူ"
"တင်ပြရေ လူ","တင်ပြသူ"
"နားထောင်ရေ လူ","နားထောင်သူ"
"မိန်းမြန်းရေ လူ","မေးမြန်းသူ"
"မိန်း","မေး"
"ဖြေကြားရေ လူ","ဖြေကြားသူ"
"ဆွေးနွေးရေ လူ","ဆွေးနွေးသူ"
"စဉ်းစားရေ လူ","စဉ်းစားသူ"
"ယုံကြည်ရေ လူ","ယုံကြည်သူ"
"မျှော်လင့်ရေ လူ","မျှော်လင့်သူ"
"စောင့်ဆိုင်းရေ လူ","စောင့်ဆိုင်းသူ"
"လေ့ကျင့်ရေ လူ","လေ့ကျင့်သူ"
"ကြိုးပမ်းရေ လူ","ကြိုးပမ်းသူ"
"အကောင်အထည်ဖော်ရေ လူ","အကောင်အထည်ဖော်သူ"
"စုဆောင်းရေ လူ","စုဆောင်းသူ"
"ဝီမျှရေ လူ","ဝေမျှသူ"
"မျှဝီရေ လူ","မျှဝေသူ"
"အသုံးပြုရေ လူ","အသုံးပြုသူ"
"ဖတ်ရှုရေ လူ","ဖတ်ရှုသူ"
"ရီးသားရေ လူ","ရေးသားသူ"
"ရီးသား","ရေးသား"
"ဘာသာပြန်ရေ လူ","ဘာသာပြန်သူ"
"သုတေသနပြုရေ လူ","သုတေသနပြုသူ"
"နည်းပညာရှင်","နည်းပညာရှင်"
"ကွန်ပျူတာပညာရှင်","ကွန်ပျူတာပညာရှင်"
"ပြိုဂရမ်မာ","ပရိုဂရမ်မာ"
"ပြိုဂရမ်","ပရိုဂရမ်"
"ဒေတာ","ဒေတာ"
"ဒေတာသိပ္ပံပညာရှင်","ဒေတာသိပ္ပံပညာရှင်"
"ဘာသာဗေဒပညာရှင်","ဘာသာဗေဒပညာရှင်"
"AI သုတေသီ","AI သုတေသီ"
"NLP သုတေသီ","NLP သုတေသီ"
"အသံသွင်းရေ လူ","အသံသွင်းသူ"
"စကားပြောရေ လူ","စကားပြောသူ"
"နားထောင်တတ်ရေ လူ","နားထောင်တတ်သူ"
"အလုပ်ကြိုးစားရေ လူ","အလုပ်ကြိုးစားသူ"
"ပူးပေါင်းဆောင်ရွက်တတ်ရေ လူ","ပူးပေါင်းဆောင်ရွက်တတ်သူ"
"တာဝန်ကျီရေ လူ","တာဝန်ကျေသူ"
"အချိန်မှန်ရေ လူ","အချိန်မှန်သူ"
"လားရေ","သွားသည်"
"လာရေ","လာသည်"
"စားရေ","စားသည်"
"သောက်ရေ","သောက်သည်"
"အိပ်ရေ","အိပ်သည်"
"ထိုင်ရေ","ထိုင်သည်"
"ရပ်ရေ","ရပ်သည်"
"ဗြီးရေ","ပြေးသည်"
"လျှောက်ရေ","လျှောက်သည်"
"ဖတ်ရေ","ဖတ်သည်"
"ရီးရေ","ရေးသည်"
"ပြောရေ","ပြောသည်"
"နားထောင်ရေ","နားထောင်သည်"
"ကြည့်ရေ","ကြည့်သည်"
"ဝယ်ရေ","ဝယ်သည်"
"ရောင်းရေ","ရောင်းသည်"
"ပီးရေ","ပေးသည်"
"ယူရေ","ယူသည်"
"ဖွင့်ရေ","ဖွင့်သည်"
"ပိတ်ရေ","ပိတ်သည်"
"သင်ယူရေ","သင်ယူသည်"
"သင်ကြားရေ","သင်ကြားသည်"
"ကူညီရေ","ကူညီသည်"
"စောင့်ရေ","စောင့်သည်"
"စဉ်းစားရေ","စဉ်းစားသည်"
"မိန်းရေ","မေးသည်"
"ဖြေရေ","ဖြေသည်"
"ရှာရေ","ရှာသည်"
"တွိရေ","တွေ့သည်"
"ထိရေ","ထိသည်"
"ချစ်ရေ","ချစ်သည်"
"မုန်းရေ","မုန်းသည်"
"စောင့်ကြည့်ရေ","စောင့်ကြည့်သည်"
"လေ့လာရေ","လေ့လာသည်"
"ကြိုးစားရေ","ကြိုးစားသည်"
"အလုပ်လုပ်ရေ","အလုပ်လုပ်သည်"
"ခရီးလားရေ","ခရီးသွားသည်"
"ပြန်လာရေ","ပြန်လာသည်"
"ရောက်ရေ","ရောက်သည်"
"ထွက်ရေ","ထွက်သည်"
"ဝင်ရေ","ဝင်သည်"
"ရပ်နားရေ","ရပ်နားသည်"
"ဆက်သွယ်ရေ","ဆက်သွယ်သည်"
"ရီးသားရေ","ရေးသားသည်"
"ဖန်တီးရေ","ဖန်တီးသည်"
"တည်ဆောက်ရေ","တည်ဆောက်သည်"
"ဖျက်ရေ","ဖျက်သည်"
"စုဆောင်းရေ","စုဆောင်းသည်"
"ဖြန့်ဝီရေ","ဖြန့်ဝေသည်"
"အသုံးပြုရေ","အသုံးပြုသည်"
"ပြင်ဆင်ရေ","ပြင်ဆင်သည်"
"အောင်မြင်ရေ","အောင်မြင်သည်"
"ကျရှုံးရေ","ကျရှုံးသည်"
"ဆုံးဖြတ်ရေ","ဆုံးဖြတ်သည်"
"ရွီးချယ်ရေ","ရွေးချယ်သည်"
"ယုံကြည်ရေ","ယုံကြည်သည်"
"မျှော်လင့်ရေ","မျှော်လင့်သည်"
"ကြောက်ရေ","ကြောက်သည်"
"ပျော်ရေ","ပျော်သည်"
"ဝမ်းနည်းရေ","ဝမ်းနည်းသည်"
"အံ့ဩရေ","အံ့ဩသည်"
"စိတ်ပူရေ","စိတ်ပူသည်"
"စိတ်ရှုပ်ရေ","စိတ်ရှုပ်သည်"
"စိတ်ချရေ","စိတ်ချသည်"
"ငြိမ်သက်ရေ","ငြိမ်သက်သည်"
"လှုပ်ရှားရေ","လှုပ်ရှားသည်"
"တိုးတက်ရေ","တိုးတက်သည်"
"ကျဆင်းရေ","ကျဆင်းသည်"
"တောက်ပရေ","တောက်ပသည်"
"မှောင်ရေ","မှောင်သည်"
"ပူရေ","ပူသည်"
"အီးရေ","အေးသည်"
"ခြောက်ရေ","ခြောက်သည်"
"စိုရေ","စိုသည်"
"သန့်ရှင်းရေ","သန့်ရှင်းသည်"
"စုတ်ပဲ့ရေ","ညစ်ပတ်သည်"
"ကျယ်ရေ","ကျယ်သည်"
"ကျဉ်းရေ","ကျဉ်းသည်"
"မြင့်ရေ","မြင့်သည်"
"နိမ့်ရေ","နိမ့်သည်"
"ရှည်ရေ","ရှည်သည်"
"တိုရေ","တိုသည်"
"ကြီးရေ","ကြီးသည်"
"ငယ်ရေ","သေးသည်"
"လှရေ","လှသည်"
"မလှရေ","မလှသည်"
"ကောင်းရေ","ကောင်းသည်"
"ဆိုးရေ","ဆိုးသည်"
"မှန်ရေ","မှန်သည်"
"မှားရေ","မှားသည်"
"လွယ်ကူရေ","လွယ်ကူသည်"
"ခက်ခဲရေ","ခက်ခဲသည်"
"ယင်ရေ","မြန်သည်"
"နှေးရေ","နှေးသည်"
"ခိုင်မာရေ","ခိုင်မာသည်"
"အားနည်းရေ","အားနည်းသည်"
"ချိုရေ","ချိုသည်"
"ခါးရေ","ခါးသည်"
"ငံရေ","ငံသည်"
"ချဉ်ရေ","ချဉ်သည်"
"စပ်ရေ","စပ်သည်"
"မွှေးရေ","မွှေးသည်"
"နူးညံ့ရေ","နူးညံ့သည်"
"မာရေ","မာသည်"
"လုံခြုံရေ","လုံခြုံသည်"
"အန္တရာယ်ဟိရေ","အန္တရာယ်ရှိသည်"
"အရေးကြီးရေ","အရေးကြီးသည်"
"အရေးမကြီးရေ","အရေးမကြီးသည့်"
"အသုံးဝင်ရေ","အသုံးဝင်သည်"
"အသုံးမဝင်ရေ","အသုံးမဝင်သည့်"
"စိတ်ဝင်စားရေ","စိတ်ဝင်စားသည်"
"စိတ်မဝင်စားရေ","စိတ်မဝင်စားသည့်"
"ပျင်းရေ","ပျင်းသည်"
"တက်ကြွရေ","တက်ကြွသည်"
"တည်ငြိမ်ရေ","တည်ငြိမ်သည်"
"လှပရေ","လှပသည်"
"ချောမောရေ","ချောမောသည်"
"ခန့်ညားရေ","ခန့်ညားသည်"
"ရိုးသားရေ","ရိုးသားသည်"
"မရိုးသားရေ","မရိုးသားသည့်"
"ကြင်နာရေ","ကြင်နာသည်"
"မကြင်နာရေ","မကြင်နာသည့်"
"သတ္တိဟိရေ","သတ္တိရှိသည်"
"သတ္တိမဟိရေ","သတ္တိမရှိသည့်"
"စည်းကမ်းဟိရေ","စည်းကမ်းရှိသည်"
"စည်းကမ်းမဟိရေ","စည်းကမ်းမရှိသည့်"
"တာဝန်ဟိရေ","တာဝန်ရှိသည်"
"တာဝန်မဟိရေ","တာဝန်မရှိသည့်"
"စိတ်ရှည်ရေ","စိတ်ရှည်သည်"
"စိတ်မရှည်ရေ","စိတ်မရှည်သည့်"
"ဖော်ရွီရေ","ဖော်ရွေသည်"
"မဖော်ရွီရေ","မဖော်ရွေသည့်"
"အီးချမ်းရေ","အေးချမ်းသည်"
"ကြမ်းတမ်းရေ","ကြမ်းတမ်းသည်"
"ထိရောက်ရေ","ထိရောက်သည်"
"မထိရောက်ရေ","မထိရောက်သည့်"
"အောင်မြင်ရေ","အောင်မြင်သော"
"မအောင်မြင်ရေ","မအောင်မြင်သော"
"ကျော်ကြားရေ","ကျော်ကြားသော"
"မကျော်ကြားရေ","မကျော်ကြားသော"
"ထူးချွန်ရေ","ထူးချွန်သော"
"မထူးချွန်ရေ","မထူးချွန်သော"
"အန္တရာယ်ကင်းရေ","အန္တရာယ်ကင်းသော"
အန္တရာယ်ရှိသော,အန္တရာယ်ရှိသော
"အကျိုးဟိရေ","အကျိုးရှိသော"
"အကျိုးမဟိရေ","အကျိုးမရှိသော"
"ကကောင်းကောင်းရေ","အလွန်ကောင်းသော"
"ကကောင်းဆိုးရေ","အလွန်ဆိုးသော"
"ကကောင်း","အလွန်"
"ကကောင်းယင်ရေ","အလွန်မြန်သော"
"ကကောင်းနှေးရေ","အလွန်နှေးသော"
"ကကောင်းကြီးရေ","အလွန်ကြီးသော"
"ကကောင်းငယ်ရေ","အလွန်သေးသော"
"ကကောင်းလှရေ","အလွန်လှသော"
"ကကောင်းခက်ခဲရေ","အလွန်ခက်ခဲသော"
"ကကောင်းလွယ်ကူရေ","အလွန်လွယ်ကူသော"
"ကကောင်းအရေးကြီးရေ","အလွန်အရေးကြီးသော"
"ကကောင်းအသုံးဝင်ရေ","အလွန်အသုံးဝင်သော"
"ကကောင်းစိတ်ဝင်စားဖို့ကောင်းရေ","အလွန်စိတ်ဝင်စားဖွယ်သော"
"ကကောင်းပျော်ရွှင်ရေ","အလွန်ပျော်ရွှင်သော"
"ကကောင်းဝမ်းနည်းရေ","အလွန်ဝမ်းနည်းသော"
"ကကောင်းကြောက်ဖို့ကောင်းရေ","အလွန်ကြောက်စရာကောင်းသော"
"ကကောင်းအံ့ဩဖို့ကောင်းရေ","အလွန်အံ့ဩဖွယ်သော"
"ကကောင်းသန့်ရှင်းရေ","အလွန်သန့်ရှင်းသော"
"ကကောင်းစုတ်ပဲ့ရေ","အလွန်ညစ်ပတ်သော"
"ကကောင်းတိတ်ဆိတ်ရေ","အလွန်တိတ်ဆိတ်သော"
"ကကောင်းဆူညံရေ","အလွန်ဆူညံသော"
"ကကောင်းနူးညံ့ရေ","အလွန်နူးညံ့သော"
"ကကောင်းမာကျောရေ","အလွန်မာကျောသော"
"ကကောင်းလုံခြုံရေ","အလွန်လုံခြုံသော"
အလွန်အန္တရာယ်ရှိသော,အလွန်အန္တရာယ်ရှိသော
အလွန်ချိုသော,အလွန်ချိုသော
အလွန်ခါးသော,အလွန်ခါးသော
အလွန်စပ်သော,အလွန်စပ်သော
အလွန်ငံသော,အလွန်ငံသော
အလွန်ချဉ်သော,အလွန်ချဉ်သော
အလွန်မွှေးသော,အလွန်မွှေးသော
အလွန်ပူသော,အလွန်ပူသော
အလွန်အေးသော,အလွန်အေးသော
အလွန်မြင့်သော,အလွန်မြင့်သော
အလွန်နိမ့်သော,အလွန်နိမ့်သော
အလွန်ကျယ်သော,အလွန်ကျယ်သော
အလွန်ကျဉ်းသော,အလွန်ကျဉ်းသော
အလွန်ရှည်သော,အလွန်ရှည်သော
အလွန်တိုသော,အလွန်တိုသော
အလွန်ခိုင်မာသော,အလွန်ခိုင်မာသော
အလွန်အားနည်းသော,အလွန်အားနည်းသော
အလွန်လှပသော,အလွန်လှပသော
အလွန်ချောမောသော,အလွန်ချောမောသော
အလွန်ခန့်ညားသော,အလွန်ခန့်ညားသော
အလွန်ရိုးသားသော,အလွန်ရိုးသားသော
အလွန်ကြင်နာသော,အလွန်ကြင်နာသော
အလွန်သတ္တိရှိသော,အလွန်သတ္တိရှိသော
အလွန်စည်းကမ်းရှိသော,အလွန်စည်းကမ်းရှိသော
အလွန်တာဝန်ရှိသော,အလွန်တာဝန်ရှိသော


